"WBS #","Name / Title",Type,"Start Date","End Date","Estimated Hours","Actual Hours","Percent Complete",Resources,Predecessors,Notes,Comments,"Task Color"
1,"iteration 3 - OSAS",project,2023-08-21,2023-09-02,0,0,0,,,,,
1.1,"First Group (click to rename)",group,2023-08-21,2023-09-02,0,0,0,,,,,
1.1.1,"Business understanding",task,2023-08-21,2023-08-23,0,0,0,,,,,blue2
1.1.2,"Data understanding",task,2023-08-22,2023-08-23,0,0,0,,,,,blue2
1.1.3,"Data preparation",task,2023-08-24,2023-08-30,0,0,0,,,,,blue2
1.1.4,"Data transformation",task,2023-08-28,2023-08-29,0,0,0,,,,,blue2
1.1.5,"Data mining method",task,2023-08-30,2023-08-30,0,0,0,,,,,blue2
1.1.6,"Data mining algorithm",task,2023-08-30,2023-08-30,0,0,0,,,,,blue2
1.1.7,"Data mining",task,2023-08-30,2023-09-01,0,0,0,,,,,blue2
1.1.8,Interpretation,task,2023-09-01,2023-09-02,0,0,0,,,,,blue2
